{"cv_mag": [[0.012724067986379041, -0.0010812710855222219, 0.05053785589508163], [-0.0010812710855222219, 0.02287386456588144, 0.03254211574056072], [0.05053785589508163, 0.03254211574056072, 0.35110355751842326]], "gyro_offset": [-0.01, -0.00992, -0.02095], "cv_linear": [[5.610841802063788e-05, 1.4391328638044537e-06, -3.616833364061536e-06], [1.4391328638044537e-06, 5.309349741873424e-05, 1.7901544440376345e-06], [-3.616833364061536e-06, 1.7901544440376345e-06, 0.00018317519215073477]], "cv_angular": [[0.0, 0.0, 0.0], [0.0, 1.2679100000000144e-05, 8.391999999999903e-07], [0.0, 8.391999999999903e-07, 1.1750399999999795e-05]]}