{
  "accelerometer": {
    "num": [
      -0.008962911955727520182946044258187612286,
      -0.014552796338149655633320556091803155141,
      -0.01914085083958872932075045980582217453,
      -0.021668585364664118969590944629999285098,
      -0.021140906835090244458852382081204268616,
      -0.016775730448871026267987360824918141589,
      -0.008140423937990521122132214770772407064,
      0.004746344495057169300678001633286839933,
      0.021365102104449067849101240312847949099,
      0.040709494821738051451021078719350043684,
      0.061365988731372167475086598642519675195,
      0.081652185611845437551714610435737995431,
      0.09979774845747299560905219095729989931,
      0.114145164713651922627768442453088937327,
      0.123343984253025118480451283176080323756,
      0.126512385062939547442084631256875582039,
      0.123343984253025118480451283176080323756,
      0.114145164713651922627768442453088937327,
      0.09979774845747299560905219095729989931,
      0.081652185611845437551714610435737995431,
      0.061365988731372167475086598642519675195,
      0.040709494821738051451021078719350043684,
      0.021365102104449067849101240312847949099,
      0.004746344495057169300678001633286839933,
      -0.008140423937990521122132214770772407064,
      -0.016775730448871026267987360824918141589,
      -0.021140906835090244458852382081204268616,
      -0.021668585364664118969590944629999285098,
      -0.01914085083958872932075045980582217453,
      -0.014552796338149655633320556091803155141,
      -0.008962911955727520182946044258187612286
    ],
    "den": [
      1
    ]
  },
  "gyroscope": {
    "num": [
      1
    ],
    "den": [
      1
    ]
  },
  "magnetometer": {
    "num": [
      0.003715472358384664438440969647103884199,
      0.005736101060727185826926266543068777537,
      0.00799443302170276849649699357769350172,
      0.010467618348463096633604862972788396291,
      0.013125947226806948878174985395617113682,
      0.015933332660123398355489499067516590003,
      0.018848002446748831489875541933542990591,
      0.021823384369210687555584726737833989318,
      0.024809161756006947729957801129785366356,
      0.027752470431198581618525977887657063548,
      0.030599202818818851956628179777908371761,
      0.033295380817467190581737668253481388092,
      0.035788556167089258241986726716277189553,
      0.038029195512169190751539105121992179193,
      0.039972007291611454105062506414469680749,
      0.041577168971695076249428524306495091878,
      0.042811415947884783050891854827568749897,
      0.043648957585293315930563551319210091606,
      0.04407219120859792726996317924204049632,
      0.04407219120859792726996317924204049632,
      0.043648957585293315930563551319210091606,
      0.042811415947884783050891854827568749897,
      0.041577168971695076249428524306495091878,
      0.039972007291611454105062506414469680749,
      0.038029195512169190751539105121992179193,
      0.035788556167089258241986726716277189553,
      0.033295380817467190581737668253481388092,
      0.030599202818818851956628179777908371761,
      0.027752470431198581618525977887657063548,
      0.024809161756006947729957801129785366356,
      0.021823384369210687555584726737833989318,
      0.018848002446748831489875541933542990591,
      0.015933332660123398355489499067516590003,
      0.013125947226806948878174985395617113682,
      0.010467618348463096633604862972788396291,
      0.00799443302170276849649699357769350172,
      0.005736101060727185826926266543068777537,
      0.003715472358384664438440969647103884199
    ],
    "den": [
      1
    ]
  }
}