{"covariance": {"acc": [[9.43617416906066e-05, 1.6608785841283537e-05, 0.0031232824304981747], [1.6608785841283537e-05, 7.302508063275222e-05, 0.0015990387921934164], [0.0031232824304981747, 0.0015990387921934164, 0.2839842710857873]], "acc_raw": [[0.0005220523999999916, -1.7290440000000138e-05, 0.00012381564000000036], [-1.7290440000000138e-05, 0.0005179679640000024, 0.00011735191599999994], [0.00012381564000000036, 0.00011735191599999994, 0.0019870878039999966]], "gyro": [[0.00024337446399996018, -0.0006898484479998409, 0.0010567149120001217], [-0.0006898484479998409, 0.007361329536000039, -0.007279361984000022], [0.0010567149120001217, -0.007279361984000022, 0.008029810396001147]], "gyro_raw": [[0.0002434164960000584, -0.0006898503120001631, 0.001056715303999913], [-0.0006898503120001631, 0.007361507163997371, -0.007279361788001559], [0.001056715303999913, -0.007279361788001559, 0.008029810396001147]], "mag_raw": [[1.0068550898560193, -0.331888136863998, -4.221968775920057], [-0.331888136863998, 0.1501174028160037, 1.4259881344800103], [-4.221968775920057, 1.4259881344800103, 18.078044771899883]], "mag": [[0.9060033878287517, -0.3037206530626846, -3.8551130372110523], [-0.3037206530626846, 0.10964821221157481, 1.2978908141982148], [-3.8551130372110523, 1.2978908141982148, 16.48269796650078]]}, "offset": {"acc": [0.10666528046412911, 0.05303556660367236, 9.731111962409111], "acc_raw": [0.10674000000000002, 0.053506000000000005, 9.761514], "gyro": [0.0009739999999999931, 0.003101999999999999, 0.00036199999999999275], "gyro_raw": [-0.010251999999999999, -0.019406, -0.020097999999999998], "mag_raw": [18.117511999999998, -6.121928, -77.46409], "mag": [18.05917939577011, -6.098204304497065, -77.2140661978581]}}